id;name;position;email
1;place injunction;lest blond;"Pgy@C4)9!c\by"
2;gently inasmuch expansion;while carelessly healthily;";xW;|u@q4EJBZ\> "
3;madly excluding;reference fooey;"d@;-R\Q`"
4;but;than lumbering throughout;"aEU1h+@95+j%\WW{"
5;incidentally yum;vulgarise lazily often;"PWzN@f%w]^\T,"
6;meanwhile;whose boring joy;"Bi%n@.nN\J)9T6n"
7;hose unlike circulate;carboxyl institute slight;"K@t \%<yp>a"
8;drive anaesthetise gadzooks;intermix categorise;"Z>3?_n@U\mv~RF'"
9;healthily;broadside gloom delicious;"pO[,A}@o|\at"
10;worth;earth under why;"1:/jh@};[KR\:x+%5;m"
